title,description
Full Stack Developer,Builds complete web applications across front end and back end systems.
Front End Developer,Creates user facing web interfaces and improves usability and performance.
Back End Developer,Builds server side services APIs and application data flows.
Software Engineer,Designs builds tests and improves technical systems or products.
Senior Software Engineer,Designs builds tests and improves technical systems or products.
Junior Software Engineer,Designs builds tests and improves technical systems or products.
Principal Software Engineer,Designs builds tests and improves technical systems or products.
Staff Software Engineer,Designs builds tests and improves technical systems or products.
Lead Software Engineer,Designs builds tests and improves technical systems or products.
Application Developer,Builds maintains and improves software applications or digital systems.
Web Developer,Builds maintains and improves software applications or digital systems.
Mobile App Developer,Builds mobile applications and improves app reliability and user experience.
iOS Developer,Builds mobile applications and improves app reliability and user experience.
Android Developer,Builds mobile applications and improves app reliability and user experience.
React Developer,Builds and maintains software using modern development tools and frameworks.
Angular Developer,Builds and maintains software using modern development tools and frameworks.
Vue Developer,Builds and maintains software using modern development tools and frameworks.
Node.js Developer,Builds and maintains software using modern development tools and frameworks.
Python Developer,Builds and maintains software using modern development tools and frameworks.
Java Developer,Builds and maintains software using modern development tools and frameworks.
C# Developer,Builds and maintains software using modern development tools and frameworks.
C++ Developer,Builds and maintains software using modern development tools and frameworks.
Go Developer,Builds and maintains software using modern development tools and frameworks.
Ruby Developer,Builds and maintains software using modern development tools and frameworks.
PHP Developer,Builds and maintains software using modern development tools and frameworks.
Laravel Developer,Builds and maintains software using modern development tools and frameworks.
Django Developer,Builds and maintains software using modern development tools and frameworks.
Flask Developer,Builds and maintains software using modern development tools and frameworks.
Spring Boot Developer,Builds and maintains software using modern development tools and frameworks.
.NET Developer,Builds and maintains software using modern development tools and frameworks.
WordPress Developer,Builds and maintains software using modern development tools and frameworks.
Shopify Developer,Builds and maintains software using modern development tools and frameworks.
Magento Developer,Builds and maintains software using modern development tools and frameworks.
Drupal Developer,Builds and maintains software using modern development tools and frameworks.
Salesforce Developer,Builds business applications and automations on enterprise platforms.
ServiceNow Developer,Builds business applications and automations on enterprise platforms.
SharePoint Developer,Builds business applications and automations on enterprise platforms.
Power Platform Developer,Builds business applications and automations on enterprise platforms.
Low-Code Developer,Builds business applications and automations on enterprise platforms.
No-Code Developer,Builds business applications and automations on enterprise platforms.
API Developer,Builds server side services APIs and application data flows.
Microservices Developer,Builds server side services APIs and application data flows.
Embedded Software Engineer,Designs builds tests and improves technical systems or products.
Firmware Engineer,Designs builds tests and improves technical systems or products.
Systems Software Engineer,Designs builds tests and improves technical systems or products.
Desktop Application Developer,Builds maintains and improves software applications or digital systems.
Game Developer,Creates interactive digital experiences for games simulations or immersive products.
Unity Developer,Creates interactive digital experiences for games simulations or immersive products.
Unreal Engine Developer,Creates interactive digital experiences for games simulations or immersive products.
AR Developer,Creates interactive digital experiences for games simulations or immersive products.
VR Developer,Creates interactive digital experiences for games simulations or immersive products.
Blockchain Developer,Builds decentralized applications smart contracts and blockchain integrations.
Smart Contract Developer,Builds decentralized applications smart contracts and blockchain integrations.
Solidity Developer,Builds decentralized applications smart contracts and blockchain integrations.
Web3 Developer,Builds decentralized applications smart contracts and blockchain integrations.
Database Developer,Builds data integrations automation workflows and reporting systems.
SQL Developer,Builds data integrations automation workflows and reporting systems.
PL/SQL Developer,Builds data integrations automation workflows and reporting systems.
ETL Developer,Builds data integrations automation workflows and reporting systems.
BI Developer,Builds maintains and improves software applications or digital systems.
Data Warehouse Developer,Builds data integrations automation workflows and reporting systems.
Integration Developer,Builds data integrations automation workflows and reporting systems.
MuleSoft Developer,Builds data integrations automation workflows and reporting systems.
Boomi Developer,Builds data integrations automation workflows and reporting systems.
RPA Developer,Builds data integrations automation workflows and reporting systems.
UiPath Developer,Builds data integrations automation workflows and reporting systems.
Automation Developer,Builds data integrations automation workflows and reporting systems.
QA Engineer,Tests software quality and helps prevent defects before release.
Software Test Engineer,Tests software quality and helps prevent defects before release.
Manual QA Tester,Tests software quality and helps prevent defects before release.
Automation QA Engineer,Tests software quality and helps prevent defects before release.
SDET,Tests software quality and helps prevent defects before release.
Performance Test Engineer,Tests software quality and helps prevent defects before release.
Security Test Engineer,Tests software quality and helps prevent defects before release.
Mobile QA Engineer,Builds mobile applications and improves app reliability and user experience.
Web QA Engineer,Tests software quality and helps prevent defects before release.
Test Analyst,Analyzes information trends and processes to support better decisions.
Test Lead,Performs the core duties of a test lead and supports related work goals.
Release Engineer,Designs builds tests and improves technical systems or products.
Build Engineer,Designs builds tests and improves technical systems or products.
Configuration Engineer,Designs builds tests and improves technical systems or products.
Site Reliability Engineer,Maintains reliable platforms deployment pipelines and cloud infrastructure.
DevOps Engineer,Maintains reliable platforms deployment pipelines and cloud infrastructure.
Platform Engineer,Maintains reliable platforms deployment pipelines and cloud infrastructure.
Cloud Engineer,Maintains reliable platforms deployment pipelines and cloud infrastructure.
Cloud Developer,Builds maintains and improves software applications or digital systems.
AWS Developer,Builds maintains and improves software applications or digital systems.
Azure Developer,Builds maintains and improves software applications or digital systems.
Google Cloud Developer,Builds maintains and improves software applications or digital systems.
Kubernetes Engineer,Maintains reliable platforms deployment pipelines and cloud infrastructure.
Docker Engineer,Maintains reliable platforms deployment pipelines and cloud infrastructure.
Infrastructure Engineer,Maintains reliable platforms deployment pipelines and cloud infrastructure.
Systems Engineer,Supports technology systems users and operations to keep services running.
Linux Engineer,Supports technology systems users and operations to keep services running.
Windows Systems Engineer,Supports technology systems users and operations to keep services running.
Network Engineer,Supports technology systems users and operations to keep services running.
Network Automation Engineer,Designs builds tests and improves technical systems or products.
NOC Engineer,Supports technology systems users and operations to keep services running.
IT Support Engineer,Supports technology systems users and operations to keep services running.
Technical Support Engineer,Supports technology systems users and operations to keep services running.
Help Desk Analyst,Supports technology systems users and operations to keep services running.
Desktop Support Engineer,Supports technology systems users and operations to keep services running.
Application Support Analyst,Supports technology systems users and operations to keep services running.
Production Support Engineer,Supports technology systems users and operations to keep services running.
Database Administrator,Administers databases and keeps data platforms secure reliable and performant.
SQL Database Administrator,Administers databases and keeps data platforms secure reliable and performant.
Oracle Database Administrator,Administers databases and keeps data platforms secure reliable and performant.
PostgreSQL Database Administrator,Administers databases and keeps data platforms secure reliable and performant.
MySQL Database Administrator,Administers databases and keeps data platforms secure reliable and performant.
MongoDB Database Administrator,Administers databases and keeps data platforms secure reliable and performant.
Data Engineer,Builds data pipelines and platforms for analytics and operational use.
Senior Data Engineer,Builds data pipelines and platforms for analytics and operational use.
Junior Data Engineer,Builds data pipelines and platforms for analytics and operational use.
Big Data Engineer,Builds data pipelines and platforms for analytics and operational use.
Spark Developer,Builds data pipelines and platforms for analytics and operational use.
Hadoop Developer,Builds data pipelines and platforms for analytics and operational use.
Analytics Engineer,Builds data pipelines and platforms for analytics and operational use.
Data Analyst,Analyzes information trends and processes to support better decisions.
Senior Data Analyst,Analyzes information trends and processes to support better decisions.
Junior Data Analyst,Analyzes information trends and processes to support better decisions.
Business Intelligence Analyst,Analyzes information trends and processes to support better decisions.
BI Analyst,Analyzes information trends and processes to support better decisions.
Reporting Analyst,Analyzes information trends and processes to support better decisions.
Marketing Data Analyst,Analyzes information trends and processes to support better decisions.
Product Data Analyst,Analyzes information trends and processes to support better decisions.
Financial Data Analyst,Analyzes financial information and supports planning reporting or investment decisions.
Operations Data Analyst,Analyzes information trends and processes to support better decisions.
Healthcare Data Analyst,Supports healthcare services data documentation research or patient care workflows.
People Analytics Analyst,Supports hiring employee programs HR operations and workplace processes.
Risk Data Analyst,Analyzes information trends and processes to support better decisions.
Research Data Analyst,Analyzes information trends and processes to support better decisions.
Data Quality Analyst,Improves processes quality standards and operational performance.
Data Governance Analyst,Analyzes information trends and processes to support better decisions.
Data Steward,Performs the core duties of a data steward and supports related work goals.
Master Data Analyst,Analyzes information trends and processes to support better decisions.
Database Analyst,Analyzes information trends and processes to support better decisions.
Data Visualization Analyst,Analyzes information trends and processes to support better decisions.
Tableau Developer,Builds maintains and improves software applications or digital systems.
Power BI Developer,Builds maintains and improves software applications or digital systems.
Looker Developer,Builds maintains and improves software applications or digital systems.
Qlik Developer,Builds maintains and improves software applications or digital systems.
Machine Learning Engineer,Develops AI data science and machine learning solutions for complex problems.
ML Engineer,Develops AI data science and machine learning solutions for complex problems.
AI Engineer,Develops AI data science and machine learning solutions for complex problems.
Artificial Intelligence Engineer,Develops AI data science and machine learning solutions for complex problems.
Deep Learning Engineer,Develops AI data science and machine learning solutions for complex problems.
Computer Vision Engineer,Develops AI data science and machine learning solutions for complex problems.
NLP Engineer,Develops AI data science and machine learning solutions for complex problems.
Generative AI Engineer,Develops AI data science and machine learning solutions for complex problems.
Prompt Engineer,Develops AI data science and machine learning solutions for complex problems.
MLOps Engineer,Develops AI data science and machine learning solutions for complex problems.
Data Scientist,Develops AI data science and machine learning solutions for complex problems.
Senior Data Scientist,Develops AI data science and machine learning solutions for complex problems.
Junior Data Scientist,Develops AI data science and machine learning solutions for complex problems.
Applied Scientist,Develops AI data science and machine learning solutions for complex problems.
Research Scientist,Develops AI data science and machine learning solutions for complex problems.
AI Research Scientist,Develops AI data science and machine learning solutions for complex problems.
Machine Learning Scientist,Develops AI data science and machine learning solutions for complex problems.
Decision Scientist,Develops AI data science and machine learning solutions for complex problems.
Quantitative Analyst,Applies quantitative methods and data analysis to research or business problems.
Statistician,Applies quantitative methods and data analysis to research or business problems.
Bioinformatics Scientist,Applies quantitative methods and data analysis to research or business problems.
Computational Biologist,Conducts research analysis or reporting for science policy environment or economics.
Computational Linguist,Translates adapts or reviews language content for clear communication.
Knowledge Graph Engineer,Develops AI data science and machine learning solutions for complex problems.
Search Engineer,Develops AI data science and machine learning solutions for complex problems.
Recommendation Systems Engineer,Supports technology systems users and operations to keep services running.
Algorithm Engineer,Develops AI data science and machine learning solutions for complex problems.
Optimization Engineer,Designs builds tests and improves technical systems or products.
Robotics Software Engineer,Designs builds tests and improves technical systems or products.
Autonomous Systems Engineer,Supports technology systems users and operations to keep services running.
Simulation Engineer,Designs builds tests and improves technical systems or products.
Digital Signal Processing Engineer,Designs builds tests and improves technical systems or products.
Cloud Architect,Designs technical architecture and guides implementation across systems and teams.
AWS Solutions Architect,Designs technical architecture and guides implementation across systems and teams.
Azure Solutions Architect,Designs technical architecture and guides implementation across systems and teams.
Google Cloud Architect,Designs technical architecture and guides implementation across systems and teams.
Enterprise Architect,Designs technical architecture and guides implementation across systems and teams.
Software Architect,Designs technical architecture and guides implementation across systems and teams.
Solution Architect,Designs technical architecture and guides implementation across systems and teams.
Technical Architect,Designs technical architecture and guides implementation across systems and teams.
Data Architect,Designs technical architecture and guides implementation across systems and teams.
Analytics Architect,Designs technical architecture and guides implementation across systems and teams.
Security Architect,Designs technical architecture and guides implementation across systems and teams.
Network Architect,Designs technical architecture and guides implementation across systems and teams.
Infrastructure Architect,Maintains reliable platforms deployment pipelines and cloud infrastructure.
Integration Architect,Designs technical architecture and guides implementation across systems and teams.
Salesforce Architect,Designs structures systems or solutions and guides implementation work.
ServiceNow Architect,Designs structures systems or solutions and guides implementation work.
DevOps Architect,Maintains reliable platforms deployment pipelines and cloud infrastructure.
Platform Architect,Designs technical architecture and guides implementation across systems and teams.
AI Architect,Designs technical architecture and guides implementation across systems and teams.
Machine Learning Architect,Develops AI data science and machine learning solutions for complex problems.
Cybersecurity Analyst,Protects systems data and users by identifying and reducing security risks.
Security Analyst,Protects systems data and users by identifying and reducing security risks.
Information Security Analyst,Protects systems data and users by identifying and reducing security risks.
SOC Analyst,Protects systems data and users by identifying and reducing security risks.
Security Engineer,Protects systems data and users by identifying and reducing security risks.
Cybersecurity Engineer,Protects systems data and users by identifying and reducing security risks.
Application Security Engineer,Protects systems data and users by identifying and reducing security risks.
Cloud Security Engineer,Protects systems data and users by identifying and reducing security risks.
Network Security Engineer,Protects systems data and users by identifying and reducing security risks.
Endpoint Security Engineer,Protects systems data and users by identifying and reducing security risks.
Identity and Access Management Engineer,Designs builds tests and improves technical systems or products.
IAM Analyst,Analyzes information trends and processes to support better decisions.
IAM Engineer,Designs builds tests and improves technical systems or products.
Security Operations Engineer,Designs builds tests and improves technical systems or products.
Incident Response Analyst,Protects systems data and users by identifying and reducing security risks.
Digital Forensics Analyst,Protects systems data and users by identifying and reducing security risks.
Threat Intelligence Analyst,Protects systems data and users by identifying and reducing security risks.
Vulnerability Analyst,Protects systems data and users by identifying and reducing security risks.
Vulnerability Management Engineer,Protects systems data and users by identifying and reducing security risks.
Penetration Tester,Tests software quality and helps prevent defects before release.
Ethical Hacker,Protects systems data and users by identifying and reducing security risks.
Red Team Operator,Protects systems data and users by identifying and reducing security risks.
Blue Team Analyst,Protects systems data and users by identifying and reducing security risks.
Purple Team Analyst,Protects systems data and users by identifying and reducing security risks.
GRC Analyst,Protects systems data and users by identifying and reducing security risks.
Security Compliance Analyst,Monitors rules policies and processes to support legal and regulatory compliance.
Information Security Officer,Protects systems data and users by identifying and reducing security risks.
Privacy Analyst,Protects systems data and users by identifying and reducing security risks.
Data Privacy Specialist,Protects systems data and users by identifying and reducing security risks.
Risk Analyst,Analyzes information trends and processes to support better decisions.
IT Risk Analyst,Analyzes information trends and processes to support better decisions.
Third Party Risk Analyst,Protects systems data and users by identifying and reducing security risks.
Security Consultant,Advises organizations and delivers practical solutions for business needs.
Cybersecurity Consultant,Protects systems data and users by identifying and reducing security risks.
Product Manager,Guides product strategy requirements and delivery to meet user and business goals.
Senior Product Manager,Guides product strategy requirements and delivery to meet user and business goals.
Associate Product Manager,Guides product strategy requirements and delivery to meet user and business goals.
Technical Product Manager,Guides product strategy requirements and delivery to meet user and business goals.
Product Owner,Guides product strategy requirements and delivery to meet user and business goals.
Scrum Product Owner,Guides product strategy requirements and delivery to meet user and business goals.
Digital Product Manager,Guides product strategy requirements and delivery to meet user and business goals.
Growth Product Manager,Guides product strategy requirements and delivery to meet user and business goals.
AI Product Manager,Guides product strategy requirements and delivery to meet user and business goals.
Data Product Manager,Guides product strategy requirements and delivery to meet user and business goals.
Platform Product Manager,Guides product strategy requirements and delivery to meet user and business goals.
Mobile Product Manager,Builds mobile applications and improves app reliability and user experience.
Ecommerce Product Manager,Guides product strategy requirements and delivery to meet user and business goals.
SaaS Product Manager,Guides product strategy requirements and delivery to meet user and business goals.
Fintech Product Manager,Guides product strategy requirements and delivery to meet user and business goals.
Healthcare Product Manager,Guides product strategy requirements and delivery to meet user and business goals.
Product Analyst,Analyzes information trends and processes to support better decisions.
Product Operations Manager,Guides product strategy requirements and delivery to meet user and business goals.
Product Marketing Manager,Guides product strategy requirements and delivery to meet user and business goals.
Program Manager,Plans coordinates and delivers projects while managing scope timelines and stakeholders.
Technical Program Manager,Plans coordinates and delivers projects while managing scope timelines and stakeholders.
Senior Program Manager,Plans coordinates and delivers projects while managing scope timelines and stakeholders.
Project Manager,Plans coordinates and delivers projects while managing scope timelines and stakeholders.
Technical Project Manager,Plans coordinates and delivers projects while managing scope timelines and stakeholders.
IT Project Manager,Plans coordinates and delivers projects while managing scope timelines and stakeholders.
Software Project Manager,Plans coordinates and delivers projects while managing scope timelines and stakeholders.
Agile Project Manager,Plans coordinates and delivers projects while managing scope timelines and stakeholders.
Digital Project Manager,Plans coordinates and delivers projects while managing scope timelines and stakeholders.
Implementation Project Manager,Plans coordinates and delivers projects while managing scope timelines and stakeholders.
Delivery Manager,Plans coordinates and delivers projects while managing scope timelines and stakeholders.
Engineering Manager,Leads teams priorities and delivery for a technical or creative function.
Software Engineering Manager,Leads teams priorities and delivery for a technical or creative function.
Development Manager,Leads teams priorities and delivery for a technical or creative function.
QA Manager,Tests software quality and helps prevent defects before release.
DevOps Manager,Maintains reliable platforms deployment pipelines and cloud infrastructure.
Cloud Operations Manager,Leads teams priorities and delivery for a technical or creative function.
Data Engineering Manager,Builds data pipelines and platforms for analytics and operational use.
Analytics Manager,Leads teams priorities and delivery for a technical or creative function.
Cybersecurity Manager,Protects systems data and users by identifying and reducing security risks.
IT Manager,Leads teams priorities and delivery for a technical or creative function.
Product Design Manager,Leads teams priorities and delivery for a technical or creative function.
UX Manager,Creates user centered designs research and digital experiences.
UI Manager,Manages people processes projects or services for a business function.
Design Manager,Leads teams priorities and delivery for a technical or creative function.
Creative Project Manager,Plans coordinates and delivers projects while managing scope timelines and stakeholders.
Operations Project Manager,Plans coordinates and delivers projects while managing scope timelines and stakeholders.
Business Analyst,Analyzes requirements processes and systems to improve business outcomes.
Senior Business Analyst,Analyzes requirements processes and systems to improve business outcomes.
Junior Business Analyst,Analyzes requirements processes and systems to improve business outcomes.
Technical Business Analyst,Analyzes requirements processes and systems to improve business outcomes.
IT Business Analyst,Analyzes requirements processes and systems to improve business outcomes.
Systems Analyst,Analyzes requirements processes and systems to improve business outcomes.
Product Business Analyst,Analyzes requirements processes and systems to improve business outcomes.
Data Business Analyst,Analyzes requirements processes and systems to improve business outcomes.
Process Analyst,Analyzes requirements processes and systems to improve business outcomes.
Business Systems Analyst,Analyzes requirements processes and systems to improve business outcomes.
ERP Analyst,Analyzes requirements processes and systems to improve business outcomes.
CRM Analyst,Analyzes requirements processes and systems to improve business outcomes.
Salesforce Business Analyst,Analyzes requirements processes and systems to improve business outcomes.
ServiceNow Business Analyst,Analyzes requirements processes and systems to improve business outcomes.
SAP Analyst,Analyzes information trends and processes to support better decisions.
Oracle ERP Analyst,Analyzes requirements processes and systems to improve business outcomes.
Workday Analyst,Supports hiring employee programs HR operations and workplace processes.
Functional Consultant,Analyzes requirements processes and systems to improve business outcomes.
SAP Consultant,Advises organizations and delivers practical solutions for business needs.
Oracle Consultant,Advises organizations and delivers practical solutions for business needs.
Salesforce Consultant,Advises organizations and delivers practical solutions for business needs.
ServiceNow Consultant,Advises organizations and delivers practical solutions for business needs.
ERP Consultant,Advises organizations and delivers practical solutions for business needs.
CRM Consultant,Advises organizations and delivers practical solutions for business needs.
Implementation Consultant,Advises organizations and delivers practical solutions for business needs.
Solutions Consultant,Advises organizations and delivers practical solutions for business needs.
Technical Consultant,Advises organizations and delivers practical solutions for business needs.
Business Consultant,Advises organizations and delivers practical solutions for business needs.
Management Consultant,Advises organizations and delivers practical solutions for business needs.
Strategy Consultant,Advises organizations and delivers practical solutions for business needs.
Operations Consultant,Advises organizations and delivers practical solutions for business needs.
Digital Transformation Consultant,Advises organizations and delivers practical solutions for business needs.
IT Consultant,Advises organizations and delivers practical solutions for business needs.
Data Consultant,Advises organizations and delivers practical solutions for business needs.
Analytics Consultant,Advises organizations and delivers practical solutions for business needs.
AI Consultant,Advises organizations and delivers practical solutions for business needs.
Cloud Consultant,Advises organizations and delivers practical solutions for business needs.
UX Designer,Creates user centered designs research and digital experiences.
UI Designer,Creates user centered designs research and digital experiences.
Product Designer,Creates user centered designs research and digital experiences.
Digital Product Designer,Creates user centered designs research and digital experiences.
Interaction Designer,Creates user centered designs research and digital experiences.
Visual Designer,Creates user centered designs research and digital experiences.
Graphic Designer,Creates visual assets and brand materials for digital or print use.
Web Designer,Creates user centered designs research and digital experiences.
Mobile App Designer,Builds mobile applications and improves app reliability and user experience.
UX Researcher,Creates user centered designs research and digital experiences.
User Researcher,Creates user centered designs research and digital experiences.
Design Researcher,Creates user centered designs research and digital experiences.
UX Writer,Creates user centered designs research and digital experiences.
Content Designer,Creates user centered designs research and digital experiences.
Information Architect,Creates user centered designs research and digital experiences.
Service Designer,Creates user centered designs research and digital experiences.
Design Strategist,Creates user centered designs research and digital experiences.
Brand Designer,Creates user centered designs research and digital experiences.
Motion Designer,Creates user centered designs research and digital experiences.
Illustrator,Creates visual assets and brand materials for digital or print use.
Presentation Designer,Creates visual assets and brand materials for digital or print use.
Creative Designer,Creates visual assets and brand materials for digital or print use.
Marketing Designer,Creates visual assets and brand materials for digital or print use.
Email Designer,Creates visual assets and brand materials for digital or print use.
Social Media Designer,Creates visual assets and brand materials for digital or print use.
Game UI Designer,Creates interactive digital experiences for games simulations or immersive products.
Game UX Designer,Creates interactive digital experiences for games simulations or immersive products.
Accessibility Designer,Creates visual digital or functional designs that meet user and business needs.
Design Systems Designer,Creates user centered designs research and digital experiences.
Design Systems Engineer,Supports technology systems users and operations to keep services running.
Front End UI Engineer,Creates user facing web interfaces and improves usability and performance.
Creative Technologist,Conducts research analysis or reporting for science policy environment or economics.
Technical Artist,Produces visual media animation and interactive creative assets.
3D Artist,Produces visual media animation and interactive creative assets.
3D Modeler,Produces visual media animation and interactive creative assets.
Animator,Produces visual media animation and interactive creative assets.
Video Editor,Produces visual media animation and interactive creative assets.
Motion Graphics Designer,Produces visual media animation and interactive creative assets.
Multimedia Designer,Produces visual media animation and interactive creative assets.
Digital Designer,Produces visual media animation and interactive creative assets.
Art Director,Creates visual assets and brand materials for digital or print use.
Creative Director,Creates visual assets and brand materials for digital or print use.
Copywriter,Writes clear content documentation or materials for specific audiences.
Technical Writer,Writes clear content documentation or materials for specific audiences.
Content Writer,Writes clear content documentation or materials for specific audiences.
SEO Writer,Writes clear content documentation or materials for specific audiences.
UX Copywriter,Creates user centered designs research and digital experiences.
Marketing Copywriter,Writes clear content documentation or materials for specific audiences.
Grant Writer,Writes clear content documentation or materials for specific audiences.
Proposal Writer,Writes clear content documentation or materials for specific audiences.
Medical Writer,Writes clear content documentation or materials for specific audiences.
Scientific Writer,Writes clear content documentation or materials for specific audiences.
Legal Writer,Writes clear content documentation or materials for specific audiences.
Financial Writer,Writes clear content documentation or materials for specific audiences.
Policy Writer,Writes clear content documentation or materials for specific audiences.
Documentation Specialist,Writes clear content documentation or materials for specific audiences.
API Documentation Writer,Writes clear content documentation or materials for specific audiences.
Instructional Writer,Writes clear content documentation or materials for specific audiences.
Curriculum Writer,Writes clear content documentation or materials for specific audiences.
Script Writer,Writes clear content documentation or materials for specific audiences.
Editor,Reviews and improves written content for accuracy clarity and style.
Copy Editor,Reviews and improves written content for accuracy clarity and style.
Proofreader,Reviews and improves written content for accuracy clarity and style.
Managing Editor,Reviews and improves written content for accuracy clarity and style.
Content Editor,Reviews and improves written content for accuracy clarity and style.
Technical Editor,Reviews and improves written content for accuracy clarity and style.
Medical Editor,Reviews and improves written content for accuracy clarity and style.
Scientific Editor,Reviews and improves written content for accuracy clarity and style.
Editorial Assistant,Reviews and improves written content for accuracy clarity and style.
Content Strategist,Plans manages and improves content across channels and audiences.
Content Manager,Plans manages and improves content across channels and audiences.
Content Marketing Manager,Manages people processes projects or services for a business function.
SEO Specialist,Plans and executes marketing programs that grow awareness leads or revenue.
SEO Analyst,Plans and executes marketing programs that grow awareness leads or revenue.
SEO Manager,Plans and executes marketing programs that grow awareness leads or revenue.
SEM Specialist,Plans and executes marketing programs that grow awareness leads or revenue.
Paid Search Specialist,Plans and executes marketing programs that grow awareness leads or revenue.
PPC Specialist,Plans and executes marketing programs that grow awareness leads or revenue.
Digital Marketing Specialist,Plans and executes marketing programs that grow awareness leads or revenue.
Digital Marketing Manager,Plans and executes marketing programs that grow awareness leads or revenue.
Performance Marketing Manager,Plans and executes marketing programs that grow awareness leads or revenue.
Growth Marketing Manager,Plans and executes marketing programs that grow awareness leads or revenue.
Lifecycle Marketing Manager,Plans and executes marketing programs that grow awareness leads or revenue.
Email Marketing Specialist,Plans and executes marketing programs that grow awareness leads or revenue.
Email Marketing Manager,Plans and executes marketing programs that grow awareness leads or revenue.
Marketing Automation Specialist,Plans and executes marketing programs that grow awareness leads or revenue.
Marketing Operations Specialist,Plans and executes marketing programs that grow awareness leads or revenue.
Marketing Operations Manager,Plans and executes marketing programs that grow awareness leads or revenue.
CRM Marketing Specialist,Plans and executes marketing programs that grow awareness leads or revenue.
Demand Generation Specialist,Plans and executes marketing programs that grow awareness leads or revenue.
Demand Generation Manager,Plans and executes marketing programs that grow awareness leads or revenue.
Lead Generation Specialist,Plans and executes marketing programs that grow awareness leads or revenue.
Inbound Marketing Specialist,Plans and executes marketing programs that grow awareness leads or revenue.
Product Marketing Specialist,Guides product strategy requirements and delivery to meet user and business goals.
Brand Manager,Plans and executes marketing programs that grow awareness leads or revenue.
Brand Strategist,Plans and executes marketing programs that grow awareness leads or revenue.
Social Media Manager,Plans and executes marketing programs that grow awareness leads or revenue.
Social Media Specialist,Plans and executes marketing programs that grow awareness leads or revenue.
Community Manager,Creates interactive digital experiences for games simulations or immersive products.
Online Community Manager,Creates interactive digital experiences for games simulations or immersive products.
Influencer Marketing Manager,Plans and executes marketing programs that grow awareness leads or revenue.
Affiliate Marketing Manager,Plans and executes marketing programs that grow awareness leads or revenue.
Partnership Marketing Manager,Plans and executes marketing programs that grow awareness leads or revenue.
Public Relations Specialist,Plans and executes marketing programs that grow awareness leads or revenue.
PR Manager,Plans and executes marketing programs that grow awareness leads or revenue.
Communications Specialist,Plans and executes marketing programs that grow awareness leads or revenue.
Corporate Communications Manager,Plans and executes marketing programs that grow awareness leads or revenue.
Internal Communications Specialist,Plans and executes marketing programs that grow awareness leads or revenue.
Media Relations Specialist,Plans and executes marketing programs that grow awareness leads or revenue.
Marketing Analyst,Analyzes marketing performance audiences and trends to improve growth decisions.
Market Research Analyst,Analyzes marketing performance audiences and trends to improve growth decisions.
Customer Insights Analyst,Analyzes marketing performance audiences and trends to improve growth decisions.
Competitive Intelligence Analyst,Analyzes marketing performance audiences and trends to improve growth decisions.
Growth Analyst,Analyzes marketing performance audiences and trends to improve growth decisions.
Conversion Rate Optimization Specialist,Analyzes marketing performance audiences and trends to improve growth decisions.
Web Analytics Specialist,Analyzes marketing performance audiences and trends to improve growth decisions.
Digital Analyst,Analyzes marketing performance audiences and trends to improve growth decisions.
Campaign Manager,Plans and executes marketing programs that grow awareness leads or revenue.
Marketing Campaign Specialist,Provides specialized expertise and support for a business or technical function.
Events Marketing Manager,Manages people processes projects or services for a business function.
Field Marketing Manager,Plans and executes marketing programs that grow awareness leads or revenue.
Account Executive,Supports sales growth customer relationships and revenue generation.
Senior Account Executive,Supports sales growth customer relationships and revenue generation.
Sales Development Representative,Supports sales growth customer relationships and revenue generation.
Business Development Representative,Supports sales growth customer relationships and revenue generation.
Business Development Manager,Leads teams priorities and delivery for a technical or creative function.
Sales Manager,Supports sales growth customer relationships and revenue generation.
Sales Operations Analyst,Supports sales growth customer relationships and revenue generation.
Sales Operations Manager,Supports sales growth customer relationships and revenue generation.
Revenue Operations Analyst,Supports sales growth customer relationships and revenue generation.
Revenue Operations Manager,Supports sales growth customer relationships and revenue generation.
Customer Success Manager,Helps customers adopt products solve issues and achieve long term value.
Customer Success Specialist,Helps customers adopt products solve issues and achieve long term value.
Customer Success Associate,Helps customers adopt products solve issues and achieve long term value.
Technical Account Manager,Supports sales growth customer relationships and revenue generation.
Account Manager,Supports sales growth customer relationships and revenue generation.
Strategic Account Manager,Supports sales growth customer relationships and revenue generation.
Partner Manager,Supports sales growth customer relationships and revenue generation.
Channel Manager,Supports sales growth customer relationships and revenue generation.
Partnership Manager,Supports sales growth customer relationships and revenue generation.
Solutions Engineer,Supports sales growth customer relationships and revenue generation.
Sales Engineer,Supports sales growth customer relationships and revenue generation.
Pre-Sales Engineer,Supports sales growth customer relationships and revenue generation.
Technical Sales Specialist,Supports sales growth customer relationships and revenue generation.
Implementation Specialist,Provides specialized expertise and support for a business or technical function.
Onboarding Specialist,Provides specialized expertise and support for a business or technical function.
Client Success Manager,Helps customers adopt products solve issues and achieve long term value.
Client Relationship Manager,Helps customers adopt products solve issues and achieve long term value.
Client Services Manager,Helps customers adopt products solve issues and achieve long term value.
Renewals Manager,Helps customers adopt products solve issues and achieve long term value.
Retention Specialist,Helps customers adopt products solve issues and achieve long term value.
Customer Support Specialist,Assists customers or users by resolving questions issues and service requests.
Customer Support Representative,Assists customers or users by resolving questions issues and service requests.
Technical Support Specialist,Assists customers or users by resolving questions issues and service requests.
Product Support Specialist,Assists customers or users by resolving questions issues and service requests.
SaaS Support Specialist,Assists customers or users by resolving questions issues and service requests.
Customer Care Specialist,Assists customers or users by resolving questions issues and service requests.
Customer Experience Specialist,Assists customers or users by resolving questions issues and service requests.
Customer Experience Manager,Assists customers or users by resolving questions issues and service requests.
Client Support Analyst,Assists customers or users by resolving questions issues and service requests.
Help Desk Technician,Supports technology systems users and operations to keep services running.
Remote Support Technician,Assists customers or users by resolving questions issues and service requests.
Chat Support Agent,Assists customers or users by resolving questions issues and service requests.
Email Support Specialist,Assists customers or users by resolving questions issues and service requests.
Support Operations Analyst,Assists customers or users by resolving questions issues and service requests.
Support Manager,Assists customers or users by resolving questions issues and service requests.
Service Desk Analyst,Assists customers or users by resolving questions issues and service requests.
Service Delivery Manager,Plans coordinates and delivers projects while managing scope timelines and stakeholders.
Finance Analyst,Analyzes financial information and supports planning reporting or investment decisions.
Financial Analyst,Analyzes financial information and supports planning reporting or investment decisions.
Senior Financial Analyst,Analyzes financial information and supports planning reporting or investment decisions.
FP&A Analyst,Analyzes financial information and supports planning reporting or investment decisions.
FP&A Manager,Analyzes financial information and supports planning reporting or investment decisions.
Corporate Finance Analyst,Analyzes financial information and supports planning reporting or investment decisions.
Investment Analyst,Analyzes financial information and supports planning reporting or investment decisions.
Equity Research Analyst,Analyzes financial information and supports planning reporting or investment decisions.
Credit Analyst,Analyzes financial information and supports planning reporting or investment decisions.
Financial Risk Analyst,Analyzes financial information and supports planning reporting or investment decisions.
Treasury Analyst,Analyzes financial information and supports planning reporting or investment decisions.
Treasury Manager,Analyzes financial information and supports planning reporting or investment decisions.
Accountant,Manages financial records transactions reporting and accounting processes.
Senior Accountant,Manages financial records transactions reporting and accounting processes.
Staff Accountant,Manages financial records transactions reporting and accounting processes.
Junior Accountant,Manages financial records transactions reporting and accounting processes.
Management Accountant,Manages financial records transactions reporting and accounting processes.
Cost Accountant,Manages financial records transactions reporting and accounting processes.
Project Accountant,Manages financial records transactions reporting and accounting processes.
Revenue Accountant,Manages financial records transactions reporting and accounting processes.
Tax Accountant,Manages financial records transactions reporting and accounting processes.
Tax Analyst,Prepares reviews and supports tax filings compliance and planning.
Tax Consultant,Advises organizations and delivers practical solutions for business needs.
Tax Manager,Prepares reviews and supports tax filings compliance and planning.
Bookkeeper,Manages financial records transactions reporting and accounting processes.
Accounts Payable Specialist,Manages financial records transactions reporting and accounting processes.
Accounts Receivable Specialist,Manages financial records transactions reporting and accounting processes.
Payroll Specialist,Manages financial records transactions reporting and accounting processes.
Payroll Analyst,Manages financial records transactions reporting and accounting processes.
Billing Specialist,Manages financial records transactions reporting and accounting processes.
Collections Specialist,Manages financial records transactions reporting and accounting processes.
Audit Associate,Reviews records processes and controls to confirm accuracy and compliance.
Internal Auditor,Reviews records processes and controls to confirm accuracy and compliance.
IT Auditor,Reviews records processes and controls to confirm accuracy and compliance.
Compliance Auditor,Reviews records processes and controls to confirm accuracy and compliance.
External Auditor,Reviews records processes and controls to confirm accuracy and compliance.
Financial Controller,Analyzes financial information and supports planning reporting or investment decisions.
Assistant Controller,Manages financial records transactions reporting and accounting processes.
Finance Manager,Analyzes financial information and supports planning reporting or investment decisions.
Accounting Manager,Manages people processes projects or services for a business function.
Budget Analyst,Analyzes financial information and supports planning reporting or investment decisions.
Pricing Analyst,Analyzes financial information and supports planning reporting or investment decisions.
Procurement Analyst,Manages purchasing sourcing and supplier activities for business needs.
Sourcing Specialist,Manages purchasing sourcing and supplier activities for business needs.
Contracts Analyst,Prepares reviews and manages agreements and contract processes.
Contract Manager,Prepares reviews and manages agreements and contract processes.
Grants Manager,Manages people processes projects or services for a business function.
Insurance Analyst,Evaluates insurance applications claims or risks and supports policy decisions.
Actuarial Analyst,Analyzes financial information and supports planning reporting or investment decisions.
Actuary,Analyzes financial information and supports planning reporting or investment decisions.
Underwriter,Evaluates insurance applications claims or risks and supports policy decisions.
Loan Processor,Reviews loan information and supports lending application processing.
Mortgage Processor,Reviews loan information and supports lending application processing.
Fraud Analyst,Investigates financial activity and supports fraud compliance controls.
Anti-Money Laundering Analyst,Investigates financial activity and supports fraud compliance controls.
KYC Analyst,Investigates financial activity and supports fraud compliance controls.
Compliance Analyst,Monitors rules policies and processes to support legal and regulatory compliance.
Regulatory Compliance Specialist,Monitors rules policies and processes to support legal and regulatory compliance.
Legal Assistant,Supports legal work contracts compliance research or advisory needs.
Paralegal,Supports legal work contracts compliance research or advisory needs.
Corporate Paralegal,Supports legal work contracts compliance research or advisory needs.
Immigration Paralegal,Supports legal work contracts compliance research or advisory needs.
Legal Analyst,Supports legal work contracts compliance research or advisory needs.
Legal Operations Specialist,Supports legal work contracts compliance research or advisory needs.
Contracts Specialist,Prepares reviews and manages agreements and contract processes.
Contract Administrator,Prepares reviews and manages agreements and contract processes.
Compliance Specialist,Monitors rules policies and processes to support legal and regulatory compliance.
Privacy Specialist,Provides specialized expertise and support for a business or technical function.
Policy Analyst,Analyzes information trends and processes to support better decisions.
Regulatory Affairs Specialist,Monitors rules policies and processes to support legal and regulatory compliance.
Intellectual Property Specialist,Provides specialized expertise and support for a business or technical function.
Patent Analyst,Supports legal work contracts compliance research or advisory needs.
Trademark Specialist,Supports legal work contracts compliance research or advisory needs.
Legal Counsel,Supports legal work contracts compliance research or advisory needs.
Corporate Counsel,Supports legal work contracts compliance research or advisory needs.
Employment Counsel,Supports legal work contracts compliance research or advisory needs.
Privacy Counsel,Supports legal work contracts compliance research or advisory needs.
Commercial Counsel,Supports legal work contracts compliance research or advisory needs.
Technology Counsel,Supports legal work contracts compliance research or advisory needs.
Data Protection Officer,Supports legal work contracts compliance research or advisory needs.
Human Resources Specialist,Supports hiring employee programs HR operations and workplace processes.
HR Generalist,Supports hiring employee programs HR operations and workplace processes.
HR Business Partner,Supports hiring employee programs HR operations and workplace processes.
People Operations Specialist,Supports hiring employee programs HR operations and workplace processes.
People Operations Manager,Supports hiring employee programs HR operations and workplace processes.
Recruiter,Supports hiring employee programs HR operations and workplace processes.
Technical Recruiter,Supports hiring employee programs HR operations and workplace processes.
Talent Acquisition Specialist,Supports hiring employee programs HR operations and workplace processes.
Talent Acquisition Partner,Supports hiring employee programs HR operations and workplace processes.
Sourcing Recruiter,Manages purchasing sourcing and supplier activities for business needs.
Recruitment Coordinator,Supports hiring employee programs HR operations and workplace processes.
HR Coordinator,Supports hiring employee programs HR operations and workplace processes.
HR Analyst,Supports hiring employee programs HR operations and workplace processes.
Compensation Analyst,Supports hiring employee programs HR operations and workplace processes.
Benefits Specialist,Supports hiring employee programs HR operations and workplace processes.
Payroll Benefits Specialist,Manages financial records transactions reporting and accounting processes.
Learning and Development Specialist,Designs and delivers training programs that improve employee skills.
Training Specialist,Designs and delivers training programs that improve employee skills.
Instructional Designer,Designs and delivers training programs that improve employee skills.
E-Learning Developer,Designs and delivers training programs that improve employee skills.
Corporate Trainer,Designs and delivers training programs that improve employee skills.
Employee Relations Specialist,Supports hiring employee programs HR operations and workplace processes.
HRIS Analyst,Supports hiring employee programs HR operations and workplace processes.
Workday Administrator,Supports hiring employee programs HR operations and workplace processes.
Talent Development Specialist,Supports hiring employee programs HR operations and workplace processes.
Organizational Development Consultant,Advises organizations and delivers practical solutions for business needs.
Diversity and Inclusion Specialist,Supports hiring employee programs HR operations and workplace processes.
People Analytics Specialist,Supports hiring employee programs HR operations and workplace processes.
Operations Manager,Improves business operations planning and execution across teams.
Operations Analyst,Improves business operations planning and execution across teams.
Business Operations Analyst,Improves business operations planning and execution across teams.
Business Operations Manager,Improves business operations planning and execution across teams.
Strategy Analyst,Improves business operations planning and execution across teams.
Strategy Manager,Improves business operations planning and execution across teams.
Chief of Staff,Improves business operations planning and execution across teams.
Executive Assistant,Provides administrative support coordination and records management for teams.
Virtual Assistant,Provides administrative support coordination and records management for teams.
Administrative Assistant,Provides administrative support coordination and records management for teams.
Remote Administrative Assistant,Provides administrative support coordination and records management for teams.
Operations Coordinator,Coordinates tasks schedules communication and resources for projects or services.
Program Coordinator,Coordinates tasks schedules communication and resources for projects or services.
Project Coordinator,Coordinates tasks schedules communication and resources for projects or services.
Team Coordinator,Coordinates tasks schedules communication and resources for projects or services.
Office Manager,Provides administrative support coordination and records management for teams.
Data Entry Specialist,Provides administrative support coordination and records management for teams.
Document Controller,Manages financial records transactions reporting and accounting processes.
Records Specialist,Provides administrative support coordination and records management for teams.
Research Assistant,Collects organizes and analyzes information to support decisions or projects.
Research Analyst,Collects organizes and analyzes information to support decisions or projects.
Online Researcher,Collects organizes and analyzes information to support decisions or projects.
Knowledge Manager,Collects organizes and analyzes information to support decisions or projects.
Process Improvement Specialist,Improves processes quality standards and operational performance.
Continuous Improvement Specialist,Improves processes quality standards and operational performance.
Quality Analyst,Improves processes quality standards and operational performance.
Quality Assurance Analyst,Tests software quality and helps prevent defects before release.
Quality Manager,Improves processes quality standards and operational performance.
Vendor Manager,Coordinates suppliers inventory logistics and planning for smooth operations.
Vendor Operations Specialist,Coordinates suppliers inventory logistics and planning for smooth operations.
Supply Chain Analyst,Coordinates suppliers inventory logistics and planning for smooth operations.
Supply Chain Manager,Coordinates suppliers inventory logistics and planning for smooth operations.
Logistics Analyst,Coordinates suppliers inventory logistics and planning for smooth operations.
Logistics Coordinator,Coordinates suppliers inventory logistics and planning for smooth operations.
Inventory Analyst,Coordinates suppliers inventory logistics and planning for smooth operations.
Demand Planner,Coordinates suppliers inventory logistics and planning for smooth operations.
Supply Planner,Coordinates suppliers inventory logistics and planning for smooth operations.
Procurement Specialist,Manages purchasing sourcing and supplier activities for business needs.
Purchasing Analyst,Manages purchasing sourcing and supplier activities for business needs.
Category Manager,Manages purchasing sourcing and supplier activities for business needs.
Ecommerce Manager,Manages online commerce operations listings orders and customer workflows.
Ecommerce Specialist,Manages online commerce operations listings orders and customer workflows.
Marketplace Manager,Manages online commerce operations listings orders and customer workflows.
Amazon Marketplace Specialist,Manages online commerce operations listings orders and customer workflows.
Shopify Manager,Builds and maintains software using modern development tools and frameworks.
Merchandising Analyst,Analyzes information trends and processes to support better decisions.
Online Merchandiser,Manages online commerce operations listings orders and customer workflows.
Catalog Specialist,Manages online commerce operations listings orders and customer workflows.
Product Listing Specialist,Manages online commerce operations listings orders and customer workflows.
Order Management Specialist,Manages online commerce operations listings orders and customer workflows.
Fulfillment Analyst,Manages online commerce operations listings orders and customer workflows.
Customer Operations Specialist,Provides specialized expertise and support for a business or technical function.
Business Development Analyst,Analyzes information trends and processes to support better decisions.
Remote Office Coordinator,Coordinates tasks schedules communication and resources for projects or services.
Healthcare Quality Analyst,Improves processes quality standards and operational performance.
Clinical Data Analyst,Supports healthcare services data documentation research or patient care workflows.
Clinical Research Associate,Supports healthcare services data documentation research or patient care workflows.
Clinical Research Coordinator,Supports healthcare services data documentation research or patient care workflows.
Clinical Trial Manager,Supports healthcare services data documentation research or patient care workflows.
Clinical Project Manager,Plans coordinates and delivers projects while managing scope timelines and stakeholders.
Medical Coder,Supports healthcare services data documentation research or patient care workflows.
Certified Medical Coder,Supports healthcare services data documentation research or patient care workflows.
Medical Billing Specialist,Manages financial records transactions reporting and accounting processes.
Medical Claims Analyst,Evaluates insurance applications claims or risks and supports policy decisions.
Health Informatics Specialist,Supports healthcare services data documentation research or patient care workflows.
Healthcare Business Analyst,Analyzes requirements processes and systems to improve business outcomes.
Healthcare Consultant,Advises organizations and delivers practical solutions for business needs.
Telehealth Nurse,Supports healthcare services data documentation research or patient care workflows.
Remote Nurse Case Manager,Supports healthcare services data documentation research or patient care workflows.
Nurse Case Manager,Supports healthcare services data documentation research or patient care workflows.
Utilization Review Nurse,Supports healthcare services data documentation research or patient care workflows.
Clinical Documentation Specialist,Writes clear content documentation or materials for specific audiences.
Medical Records Specialist,Provides administrative support coordination and records management for teams.
Health Information Technician,Supports healthcare services data documentation research or patient care workflows.
Patient Care Coordinator,Supports healthcare services data documentation research or patient care workflows.
Patient Support Specialist,Supports healthcare services data documentation research or patient care workflows.
Patient Access Representative,Supports healthcare services data documentation research or patient care workflows.
Medical Scheduler,Performs the core duties of a medical scheduler and supports related work goals.
Pharmacy Technician,Supports healthcare services data documentation research or patient care workflows.
Remote Pharmacist,Supports healthcare services data documentation research or patient care workflows.
Clinical Pharmacist,Supports healthcare services data documentation research or patient care workflows.
Pharmacovigilance Specialist,Supports healthcare services data documentation research or patient care workflows.
Drug Safety Associate,Supports healthcare services data documentation research or patient care workflows.
Regulatory Affairs Associate,Monitors rules policies and processes to support legal and regulatory compliance.
Medical Affairs Specialist,Supports healthcare services data documentation research or patient care workflows.
Medical Science Liaison,Supports healthcare services data documentation research or patient care workflows.
Genetic Counselor,Supports legal work contracts compliance research or advisory needs.
Mental Health Counselor,Supports legal work contracts compliance research or advisory needs.
Licensed Therapist,Supports healthcare services data documentation research or patient care workflows.
Online Therapist,Supports healthcare services data documentation research or patient care workflows.
Clinical Psychologist,Supports healthcare services data documentation research or patient care workflows.
School Psychologist,Supports healthcare services data documentation research or patient care workflows.
Speech Language Pathologist,Supports healthcare services data documentation research or patient care workflows.
Occupational Therapist,Supports healthcare services data documentation research or patient care workflows.
Telehealth Physician,Supports healthcare services data documentation research or patient care workflows.
Remote Radiologist,Supports healthcare services data documentation research or patient care workflows.
Teleradiologist,Supports healthcare services data documentation research or patient care workflows.
Medical Transcriptionist,Supports healthcare services data documentation research or patient care workflows.
Medical Interpreter,Supports healthcare services data documentation research or patient care workflows.
Education Consultant,Advises organizations and delivers practical solutions for business needs.
Online Teacher,Teaches designs learning materials or supports student and learner success.
Virtual Teacher,Teaches designs learning materials or supports student and learner success.
ESL Teacher,Teaches designs learning materials or supports student and learner success.
English Teacher,Teaches designs learning materials or supports student and learner success.
Math Teacher,Teaches designs learning materials or supports student and learner success.
Science Teacher,Teaches designs learning materials or supports student and learner success.
Computer Science Teacher,Teaches designs learning materials or supports student and learner success.
Language Teacher,Teaches designs learning materials or supports student and learner success.
Tutor,Teaches designs learning materials or supports student and learner success.
Online Tutor,Teaches designs learning materials or supports student and learner success.
Academic Tutor,Teaches designs learning materials or supports student and learner success.
Test Prep Tutor,Teaches designs learning materials or supports student and learner success.
Coding Instructor,Teaches designs learning materials or supports student and learner success.
Programming Instructor,Teaches designs learning materials or supports student and learner success.
Data Science Instructor,Teaches designs learning materials or supports student and learner success.
Cybersecurity Instructor,Protects systems data and users by identifying and reducing security risks.
Instructional Coach,Teaches designs learning materials or supports student and learner success.
Curriculum Developer,Teaches designs learning materials or supports student and learner success.
Curriculum Designer,Teaches designs learning materials or supports student and learner success.
Learning Designer,Creates visual digital or functional designs that meet user and business needs.
Educational Technologist,Teaches designs learning materials or supports student and learner success.
Learning Experience Designer,Teaches designs learning materials or supports student and learner success.
Academic Advisor,Teaches designs learning materials or supports student and learner success.
Admissions Counselor,Supports legal work contracts compliance research or advisory needs.
Student Success Coach,Teaches designs learning materials or supports student and learner success.
Career Coach,Teaches designs learning materials or supports student and learner success.
Life Coach,Teaches designs learning materials or supports student and learner success.
Executive Coach,Teaches designs learning materials or supports student and learner success.
Corporate Learning Manager,Manages people processes projects or services for a business function.
Training Manager,Manages people processes projects or services for a business function.
LMS Administrator,Teaches designs learning materials or supports student and learner success.
Education Program Manager,Plans coordinates and delivers projects while managing scope timelines and stakeholders.
Academic Content Writer,Writes clear content documentation or materials for specific audiences.
Assessment Developer,Teaches designs learning materials or supports student and learner success.
Exam Developer,Teaches designs learning materials or supports student and learner success.
Translator,Translates adapts or reviews language content for clear communication.
Interpreter,Translates adapts or reviews language content for clear communication.
Localization Specialist,Translates adapts or reviews language content for clear communication.
Localization Project Manager,Plans coordinates and delivers projects while managing scope timelines and stakeholders.
Localization QA Tester,Tests software quality and helps prevent defects before release.
Language Specialist,Translates adapts or reviews language content for clear communication.
Linguist,Translates adapts or reviews language content for clear communication.
Language Data Analyst,Analyzes information trends and processes to support better decisions.
Transcriptionist,Translates adapts or reviews language content for clear communication.
Captioner,Translates adapts or reviews language content for clear communication.
Subtitler,Translates adapts or reviews language content for clear communication.
Voice Over Artist,Translates adapts or reviews language content for clear communication.
Narrator,Translates adapts or reviews language content for clear communication.
Remote Interpreter,Translates adapts or reviews language content for clear communication.
Bilingual Customer Support Specialist,Assists customers or users by resolving questions issues and service requests.
Technical Translator,Translates adapts or reviews language content for clear communication.
Medical Translator,Translates adapts or reviews language content for clear communication.
Legal Translator,Supports legal work contracts compliance research or advisory needs.
Financial Translator,Analyzes financial information and supports planning reporting or investment decisions.
Scientific Translator,Translates adapts or reviews language content for clear communication.
Patent Translator,Supports legal work contracts compliance research or advisory needs.
Game Localization Specialist,Creates interactive digital experiences for games simulations or immersive products.
Website Localization Specialist,Translates adapts or reviews language content for clear communication.
Software Localization Engineer,Translates adapts or reviews language content for clear communication.
Localization Manager,Translates adapts or reviews language content for clear communication.
Terminologist,Translates adapts or reviews language content for clear communication.
Quality Reviewer,Performs the core duties of a quality reviewer and supports related work goals.
Search Engine Evaluator,Reviews content data or platform activity to improve quality safety and trust.
Ads Quality Rater,Reviews content data or platform activity to improve quality safety and trust.
Internet Safety Evaluator,Reviews content data or platform activity to improve quality safety and trust.
Online Moderator,Reviews content data or platform activity to improve quality safety and trust.
Content Moderator,Reviews content data or platform activity to improve quality safety and trust.
Trust and Safety Specialist,Reviews content data or platform activity to improve quality safety and trust.
Trust and Safety Analyst,Reviews content data or platform activity to improve quality safety and trust.
Fraud Prevention Specialist,Investigates financial activity and supports fraud compliance controls.
Fraud Investigator,Investigates financial activity and supports fraud compliance controls.
Risk Operations Analyst,Improves business operations planning and execution across teams.
Policy Operations Specialist,Reviews content data or platform activity to improve quality safety and trust.
Marketplace Trust Specialist,Manages online commerce operations listings orders and customer workflows.
Community Safety Specialist,Creates interactive digital experiences for games simulations or immersive products.
Content Quality Analyst,Improves processes quality standards and operational performance.
Data Annotation Specialist,Reviews content data or platform activity to improve quality safety and trust.
AI Data Trainer,Reviews content data or platform activity to improve quality safety and trust.
AI Model Evaluator,Reviews content data or platform activity to improve quality safety and trust.
LLM Evaluator,Reviews content data or platform activity to improve quality safety and trust.
RLHF Specialist,Reviews content data or platform activity to improve quality safety and trust.
Conversation Designer,Builds support content developer programs or conversational experiences for users.
Chatbot Designer,Builds support content developer programs or conversational experiences for users.
Chatbot Developer,Builds support content developer programs or conversational experiences for users.
Voice User Interface Designer,Builds support content developer programs or conversational experiences for users.
Conversational AI Developer,Builds support content developer programs or conversational experiences for users.
Knowledge Base Specialist,Builds support content developer programs or conversational experiences for users.
Technical Trainer,Builds support content developer programs or conversational experiences for users.
Developer Advocate,Builds support content developer programs or conversational experiences for users.
Developer Relations Engineer,Builds support content developer programs or conversational experiences for users.
Technical Evangelist,Builds support content developer programs or conversational experiences for users.
Open Source Program Manager,Plans coordinates and delivers projects while managing scope timelines and stakeholders.
Community Operations Manager,Creates interactive digital experiences for games simulations or immersive products.
Scientific Researcher,Conducts research analysis or reporting for science policy environment or economics.
Research Associate,Performs the core duties of a research associate and supports related work goals.
Postdoctoral Researcher,Conducts research analysis or reporting for science policy environment or economics.
Laboratory Data Analyst,Conducts research analysis or reporting for science policy environment or economics.
Computational Scientist,Conducts research analysis or reporting for science policy environment or economics.
Remote Sensing Analyst,Conducts research analysis or reporting for science policy environment or economics.
GIS Analyst,Conducts research analysis or reporting for science policy environment or economics.
GIS Developer,Conducts research analysis or reporting for science policy environment or economics.
Geospatial Analyst,Conducts research analysis or reporting for science policy environment or economics.
Climate Data Analyst,Conducts research analysis or reporting for science policy environment or economics.
Environmental Analyst,Conducts research analysis or reporting for science policy environment or economics.
Sustainability Analyst,Conducts research analysis or reporting for science policy environment or economics.
Sustainability Consultant,Advises organizations and delivers practical solutions for business needs.
Energy Analyst,Conducts research analysis or reporting for science policy environment or economics.
Renewable Energy Analyst,Conducts research analysis or reporting for science policy environment or economics.
Carbon Accounting Specialist,Conducts research analysis or reporting for science policy environment or economics.
ESG Analyst,Conducts research analysis or reporting for science policy environment or economics.
ESG Consultant,Advises organizations and delivers practical solutions for business needs.
Urban Planning Analyst,Conducts research analysis or reporting for science policy environment or economics.
Policy Researcher,Conducts research analysis or reporting for science policy environment or economics.
Economic Analyst,Conducts research analysis or reporting for science policy environment or economics.
Carpenter,Builds repairs and installs wooden structures and fixtures.
Painter,Prepares surfaces and applies paint finishes to buildings or objects.
Car Painter,Prepares vehicle surfaces and applies automotive paint finishes.
Auto Body Painter,Paints repaired vehicle body panels and matches factory finishes.
Mechanic,Inspects repairs and maintains vehicles machines or mechanical systems.
Auto Mechanic,Diagnoses repairs and maintains cars and light vehicles.
Diesel Mechanic,Repairs and maintains diesel engines and heavy vehicles.
Motorcycle Mechanic,Services and repairs motorcycles scooters and related systems.
Bicycle Mechanic,Repairs tunes and maintains bicycles for safe operation.
Aircraft Mechanic,Inspects repairs and maintains aircraft systems and components.
Heavy Equipment Mechanic,Repairs and maintains construction agricultural and industrial equipment.
Small Engine Mechanic,Repairs small engines used in tools mowers and outdoor equipment.
Electrician,Installs tests and repairs electrical wiring fixtures and systems.
Plumber,Installs repairs and maintains pipes fixtures and water systems.
Welder,Joins metal parts using welding tools and safety procedures.
Pipefitter,Installs and maintains piping systems for industrial and commercial sites.
Steamfitter,Installs and repairs high pressure piping and steam systems.
HVAC Technician,Installs services and repairs heating ventilation and air conditioning systems.
Refrigeration Technician,Installs services and repairs refrigeration and cooling equipment.
Roofer,Installs repairs and maintains roofs and weatherproofing systems.
Mason,Builds and repairs structures using brick block stone or concrete.
Bricklayer,Lays bricks blocks and masonry materials to build structures.
Concrete Finisher,Places levels and finishes concrete surfaces for construction projects.
Tile Setter,Installs tile on floors walls and other prepared surfaces.
Floor Installer,Installs flooring materials such as carpet wood vinyl or tile.
Drywall Installer,Installs drywall panels and prepares surfaces for finishing.
Glazier,Installs repairs and replaces glass in windows doors and structures.
Insulation Installer,Installs insulation materials to improve building energy efficiency.
Scaffolder,Builds and dismantles scaffolding for safe work access.
Construction Laborer,Performs physical construction tasks and supports skilled trades on site.
Construction Worker,Builds repairs and supports construction projects on job sites.
General Laborer,Performs manual labor and supports operations across work sites.
Handyman,Handles basic repairs maintenance and improvement tasks for properties.
Painter Decorator,Applies decorative finishes and improves interior or exterior spaces.
Cabinetmaker,Builds and installs cabinets and custom wood fixtures.
Furniture Maker,Builds repairs and finishes furniture from wood or other materials.
Woodworker,Cuts shapes and finishes wood products and components.
Joiner,Builds and fits wooden components for buildings and interiors.
Locksmith,Installs repairs and opens locks and security hardware.
Blacksmith,Shapes and repairs metal using heat tools and forging methods.
Metal Fabricator,Cuts bends and assembles metal parts for structures or products.
Sheet Metal Worker,Fabricates installs and repairs sheet metal products and systems.
Machinist,Operates machine tools to produce precision metal or plastic parts.
CNC Machinist,Programs and operates CNC machines to create precision parts.
Tool and Die Maker,Builds and repairs precision tools dies and manufacturing fixtures.
Millwright,Installs aligns and repairs industrial machinery and equipment.
Industrial Mechanic,Maintains repairs and troubleshoots machinery in industrial facilities.
Maintenance Technician,Performs routine repairs and maintenance for equipment and facilities.
Building Maintenance Worker,Maintains building systems and handles repairs for properties.
Facilities Technician,Supports building operations maintenance repairs and workplace services.
Janitor,Cleans and maintains buildings to keep spaces safe and orderly.
Cleaner,Cleans homes offices or facilities according to service standards.
Housekeeper,Cleans rooms changes linens and maintains guest or resident spaces.
Custodian,Maintains cleanliness safety and basic upkeep in buildings.
Window Cleaner,Cleans interior and exterior windows using tools and safety methods.
Pressure Washer,Cleans surfaces using high pressure washing equipment.
Landscaper,Maintains outdoor spaces through planting trimming and grounds care.
Gardener,Plants waters prunes and maintains gardens and green spaces.
Groundskeeper,Maintains lawns fields paths and outdoor facilities.
Tree Trimmer,Cuts prunes and removes tree branches safely.
Arborist,Cares for trees and assesses tree health safety and maintenance needs.
Farm Worker,Performs planting harvesting animal care and general farm tasks.
Farmhand,Supports daily farm operations including crops animals and equipment.
Ranch Hand,Cares for livestock and supports ranch maintenance and operations.
Greenhouse Worker,Plants waters harvests and maintains crops in greenhouse settings.
Nursery Worker,Grows maintains and prepares plants for sale or landscaping.
Fruit Picker,Harvests fruit by hand while following quality and safety standards.
Warehouse Worker,Moves stores picks and prepares goods in a warehouse.
Forklift Operator,Operates forklifts to move load and organize materials safely.
Picker Packer,Picks items and packs orders for shipment or delivery.
Order Picker,Selects products from inventory to fulfill customer orders.
Shipping Clerk,Prepares outgoing shipments and manages shipping records.
Receiving Clerk,Receives incoming goods and checks deliveries against records.
Stock Clerk,Organizes shelves stockrooms and inventory records.
Inventory Clerk,Counts tracks and records inventory in stores or warehouses.
Material Handler,Moves materials products and supplies within work sites.
Production Worker,Supports manufacturing tasks on production lines or workstations.
Factory Worker,Operates equipment and completes production tasks in a factory.
Assembly Line Worker,Assembles products or components on a production line.
Assembler,Puts together parts or products following instructions and standards.
Machine Operator,Operates production machines and monitors output quality.
Packaging Operator,Runs packaging equipment and prepares products for shipment.
Quality Inspector,Inspects products or work to confirm standards are met.
Safety Inspector,Checks workplaces equipment and procedures for safety compliance.
Truck Driver,Transports goods by truck while following road and safety rules.
Delivery Driver,Delivers packages food or goods to customers or businesses.
Courier,Transports documents packages or goods quickly between locations.
Bus Driver,Drives buses and transports passengers safely on assigned routes.
Taxi Driver,Transports passengers by taxi and provides local travel service.
Chauffeur,Drives clients in private or hired vehicles with professional service.
Van Driver,Drives vans to transport passengers goods or equipment.
Tow Truck Driver,Tows vehicles and assists drivers with roadside vehicle issues.
Garbage Truck Driver,Drives waste collection trucks and supports sanitation routes.
Ambulance Driver,Drives ambulances and supports emergency medical transport.
Train Conductor,Coordinates train operations passenger service and safety procedures.
Railway Worker,Maintains railway tracks equipment and station operations.
Dock Worker,Loads unloads and moves cargo at docks or ports.
Porter,Carries luggage goods or supplies and supports facility operations.
Mover,Loads transports and unloads furniture and belongings.
Furniture Mover,Moves furniture safely between homes offices or storage sites.
Loader,Loads and unloads goods materials or cargo for transport.
Security Guard,Monitors property controls access and helps prevent safety incidents.
Doorman,Greets visitors manages entry and supports building security.
Bouncer,Controls venue entry and helps maintain safety and order.
Parking Attendant,Manages parking areas collects fees and guides drivers.
Traffic Controller,Directs vehicle or pedestrian traffic around roads and work zones.
Crossing Guard,Helps pedestrians and students cross roads safely.
Lifeguard,Monitors swimmers and responds to water safety emergencies.
Firefighter,Responds to fires rescues and emergency incidents.
Police Officer,Enforces laws protects people and responds to public safety incidents.
Correctional Officer,Supervises inmates and maintains safety in correctional facilities.
Paramedic,Provides advanced emergency medical care and patient transport.
EMT,Provides emergency medical care and transports patients safely.
Nursing Assistant,Assists nurses with patient care and daily living needs.
Caregiver,Supports people with daily care personal tasks and companionship.
Home Health Aide,Provides basic health and personal care in patients homes.
Personal Care Aide,Helps clients with daily living personal care and mobility.
Medical Assistant,Supports clinicians with patient intake basic tests and office tasks.
Dental Assistant,Assists dentists with procedures sterilization and patient preparation.
Phlebotomist,Draws blood samples and prepares specimens for laboratory testing.
Radiology Technician,Operates imaging equipment and assists with diagnostic scans.
Lab Technician,Performs laboratory tests and prepares samples and equipment.
Veterinary Assistant,Supports veterinarians with animal care exams and clinic tasks.
Veterinary Technician,Provides clinical support for animal treatment tests and procedures.
Pharmacy Assistant,Supports pharmacy operations by preparing orders and helping customers.
Childcare Worker,Supervises children and supports daily care learning and safety.
Nanny,Provides in home childcare and supports childrens routines and safety.
Babysitter,Supervises children temporarily and ensures basic care and safety.
Preschool Teacher,Teaches young children through play routines and early learning activities.
Teacher Assistant,Supports teachers with classroom activities materials and student help.
School Bus Driver,Transports students safely between home school and activities.
School Custodian,Cleans and maintains school buildings and grounds.
Cook,Prepares meals and follows kitchen safety and quality standards.
Chef,Plans prepares and oversees food production in a kitchen.
Sous Chef,Assists the head chef and supervises kitchen preparation and service.
Line Cook,Prepares assigned dishes during restaurant service.
Prep Cook,Prepares ingredients and supports kitchen service before cooking.
Baker,Prepares bread pastries and baked goods using recipes and ovens.
Pastry Chef,Creates pastries desserts and baked specialties for service or sale.
Butcher,Cuts trims and prepares meat for customers or food service.
Fishmonger,Prepares sells and handles fish and seafood products.
Barista,Prepares coffee drinks and serves customers in cafes.
Bartender,Prepares drinks serves customers and maintains the bar area.
Waiter,Serves food and drinks and supports guest dining experiences.
Waitress,Serves food and drinks and supports guest dining experiences.
Server,Takes orders serves meals and assists restaurant guests.
Host,Greets guests manages seating and supports front of house service.
Restaurant Host,Welcomes restaurant guests manages reservations and seats tables.
Cashier,Processes payments assists customers and handles checkout transactions.
Retail Sales Associate,Helps customers sells products and supports store operations.
Store Clerk,Assists customers stocks shelves and handles store tasks.
Grocery Clerk,Stocks grocery items helps customers and maintains store displays.
Deli Clerk,Prepares deli foods serves customers and maintains food safety.
Bakery Clerk,Packages baked goods serves customers and maintains bakery displays.
Produce Clerk,Stocks displays and maintains fresh fruits and vegetables.
Stocker,Stocks shelves organizes products and maintains inventory displays.
Shelf Stacker,Places products on shelves and keeps store displays organized.
Merchandiser,Arranges products and displays to support sales in stores.
Visual Merchandiser,Creates store displays and layouts that promote products.
Store Manager,Manages store staff sales inventory and customer service.
Assistant Store Manager,Supports store management staff supervision and daily operations.
Receptionist,Greets visitors answers calls and manages front desk tasks.
Hotel Receptionist,Checks guests in and out and handles hotel front desk requests.
Front Desk Clerk,Assists guests or visitors and manages front desk records.
Concierge,Helps guests with information bookings and service requests.
Bellhop,Carries luggage and assists hotel guests on arrival or departure.
Room Attendant,Cleans guest rooms and restocks supplies in hotels.
Laundry Worker,Washes dries folds and prepares linens or clothing.
Dry Cleaner,Cleans garments using professional dry cleaning equipment and methods.
Tailor,Alters repairs and fits clothing for customers.
Seamstress,Sews alters and repairs garments or fabric products.
Upholsterer,Repairs and covers furniture using fabric padding and tools.
Hairdresser,Cuts styles and treats hair for clients.
Barber,Cuts trims and styles hair and facial hair.
Beautician,Provides beauty treatments and personal care services.
Makeup Artist,Applies makeup for events media photography or personal services.
Nail Technician,Provides manicures pedicures and nail care services.
Esthetician,Provides skin care treatments facials and beauty services.
Massage Therapist,Provides therapeutic massage to support relaxation and wellness.
Fitness Trainer,Guides clients through exercise programs and fitness goals.
Gym Instructor,Leads gym activities and helps members use fitness equipment safely.
Yoga Instructor,Teaches yoga poses breathing techniques and wellness routines.
Swim Instructor,Teaches swimming skills and water safety to students.
Personal Trainer,Creates exercise plans and coaches clients toward fitness goals.
Photographer,Captures and edits photos for clients events or products.
Videographer,Records video footage and supports production for events or media.
Printer,Operates printing equipment and prepares printed materials.
Print Operator,Runs print machines and checks output quality.
Sign Maker,Creates and installs signs using design materials and equipment.
Pest Control Technician,Inspects properties and applies treatments to control pests.
Exterminator,Removes insects rodents and other pests from properties.
Pool Technician,Cleans services and repairs swimming pools and equipment.
Appliance Repair Technician,Diagnoses and repairs household or commercial appliances.
Elevator Technician,Installs maintains and repairs elevators and lift systems.
Solar Panel Installer,Installs and connects solar panels and related equipment.
Wind Turbine Technician,Inspects maintains and repairs wind turbines and equipment.
Meter Reader,Reads utility meters and records usage information.
Utility Worker,Maintains utility systems and supports field service operations.
Water Treatment Operator,Operates water treatment equipment and monitors water quality.
Sewage Treatment Operator,Operates wastewater treatment systems and monitors sanitation processes.
